{"sensor_1_roll_mean_6": 518.67, "sensor_1_roll_std_6": 0.0, "sensor_1_roll_mean_12": 518.67, "sensor_1_roll_std_12": 0.0, "sensor_2_roll_mean_6": 642.5, "sensor_2_roll_std_6": 0.3829882504725299, "sensor_2_roll_mean_12": 642.4333333333333, "sensor_2_roll_std_12": 0.3710754231919903, "sensor_3_roll_mean_6": 1586.0266666666666, "sensor_3_roll_std_6": 4.130998265149241, "sensor_3_roll_mean_12": 1586.9808333333333, "sensor_3_roll_std_12": 3.1430079927394297, "sensor_4_roll_mean_6": 1399.9516666666666, "sensor_4_roll_std_6": 4.4160861253675145, "sensor_4_roll_mean_12": 1401.7283333333332, "sensor_4_roll_std_12": 4.5729736363546625, "sensor_5_roll_mean_6": 14.62, "sensor_5_roll_std_6": 0.0, "sensor_5_roll_mean_12": 14.62, "sensor_5_roll_std_12": 0.0, "sensor_6_roll_mean_6": 21.61, "sensor_6_roll_std_6": 0.0, "sensor_6_roll_mean_12": 21.61, "sensor_6_roll_std_12": 0.0, "sensor_7_roll_mean_6": 553.8383333333334, "sensor_7_roll_std_6": 0.31205234603602805, "sensor_7_roll_mean_12": 553.9758333333333, "sensor_7_roll_std_12": 0.40112247808404794, "sensor_8_roll_mean_6": 2388.0533333333333, "sensor_8_roll_std_6": 0.03076794869155336, "sensor_8_roll_mean_12": 2388.0475, "sensor_8_roll_std_12": 0.03441062203834024, "sensor_9_roll_mean_6": 9050.818333333335, "sensor_9_roll_std_6": 4.038670160674668, "sensor_9_roll_mean_12": 9051.094166666668, "sensor_9_roll_std_12": 4.048881907018938, "sensor_10_roll_mean_6": 1.3, "sensor_10_roll_std_6": 0.0, "sensor_10_roll_mean_12": 1.3, "sensor_10_roll_std_12": 0.0, "sensor_11_roll_mean_6": 47.26166666666666, "sensor_11_roll_std_6": 0.07935153852738522, "sensor_11_roll_mean_12": 47.29833333333334, "sensor_11_roll_std_12": 0.10098004603369719, "sensor_12_roll_mean_6": 521.8266666666667, "sensor_12_roll_std_6": 0.23474809193440266, "sensor_12_roll_mean_12": 521.8625000000001, "sensor_12_roll_std_12": 0.2638913343855602, "sensor_13_roll_mean_6": 2388.0616666666665, "sensor_13_roll_std_6": 0.01940790217132537, "sensor_13_roll_mean_12": 2388.0658333333336, "sensor_13_roll_std_12": 0.017298624924089418, "sensor_14_roll_mean_6": 8135.238333333334, "sensor_14_roll_std_6": 1.919066613401202, "sensor_14_roll_mean_12": 8134.070833333334, "sensor_14_roll_std_12": 2.213288209192987, "sensor_15_roll_mean_6": 8.419599999999999, "sensor_15_roll_std_6": 0.017197557966177557, "sensor_15_roll_mean_12": 8.415025, "sensor_15_roll_std_12": 0.018076560664423147, "sensor_16_roll_mean_6": 0.03, "sensor_16_roll_std_6": 0.0, "sensor_16_roll_mean_12": 0.03, "sensor_16_roll_std_12": 0.0, "sensor_17_roll_mean_6": 392.0, "sensor_17_roll_std_6": 0.8944271910000472, "sensor_17_roll_mean_12": 391.9166666666667, "sensor_17_roll_std_12": 0.7929614610987094, "sensor_18_roll_mean_6": 2388.0, "sensor_18_roll_std_6": 0.0, "sensor_18_roll_mean_12": 2388.0, "sensor_18_roll_std_12": 0.0, "sensor_19_roll_mean_6": 100.0, "sensor_19_roll_std_6": 0.0, "sensor_19_roll_mean_12": 100.0, "sensor_19_roll_std_12": 0.0, "sensor_20_roll_mean_6": 38.958333333333336, "sensor_20_roll_std_6": 0.16557978942692705, "sensor_20_roll_mean_12": 38.98166666666667, "sensor_20_roll_std_12": 0.13415278490203167, "sensor_21_roll_mean_6": 23.368016666666666, "sensor_21_roll_std_6": 0.07403416553637532, "sensor_21_roll_mean_12": 23.368141666666663, "sensor_21_roll_std_12": 0.06650646528151691, "sensor_1_ema_6": 518.67, "sensor_1_ema_12": 518.67, "sensor_2_ema_6": 642.3474754084805, "sensor_2_ema_12": 642.3917386614606, "sensor_3_ema_6": 1585.5455878157027, "sensor_3_ema_12": 1586.0094584396657, "sensor_4_ema_6": 1399.506739955511, "sensor_4_ema_12": 1400.4711832155144, "sensor_5_ema_6": 14.62, "sensor_5_ema_12": 14.62, "sensor_6_ema_6": 21.60999993976695, "sensor_6_ema_12": 21.60999266389912, "sensor_7_ema_6": 553.8943246497174, "sensor_7_ema_12": 553.9591564057627, "sensor_8_ema_6": 2388.046993380604, "sensor_8_ema_12": 2388.0482824239893, "sensor_9_ema_6": 9051.250587336774, "sensor_9_ema_12": 9050.853328809906, "sensor_10_ema_6": 1.3, "sensor_10_ema_12": 1.3, "sensor_11_ema_6": 47.282948260005334, "sensor_11_ema_12": 47.29273099994166, "sensor_12_ema_6": 521.8103321314313, "sensor_12_ema_12": 521.8604096649359, "sensor_13_ema_6": 2388.057335326638, "sensor_13_ema_12": 2388.0617088065706, "sensor_14_ema_6": 8134.983905695017, "sensor_14_ema_12": 8134.390922001732, "sensor_15_ema_6": 8.42152301667012, "sensor_15_ema_12": 8.418074768867465, "sensor_16_ema_6": 0.03, "sensor_16_ema_12": 0.03, "sensor_17_ema_6": 392.01607149151107, "sensor_17_ema_12": 391.9470202838839, "sensor_18_ema_6": 2388.0, "sensor_18_ema_12": 2388.0, "sensor_19_ema_6": 100.0, "sensor_19_ema_12": 100.0, "sensor_20_ema_6": 38.990315357821615, "sensor_20_ema_12": 38.977756779470745, "sensor_21_ema_6": 23.393393639249663, "sensor_21_ema_12": 23.378396354680433, "sensor_1_lag_1": 518.67, "sensor_1_lag_2": 518.67, "sensor_2_lag_1": 642.72, "sensor_2_lag_2": 642.63, "sensor_3_lag_1": 1585.51, "sensor_3_lag_2": 1589.65, "sensor_4_lag_1": 1405.09, "sensor_4_lag_2": 1396.99, "sensor_5_lag_1": 14.62, "sensor_5_lag_2": 14.62, "sensor_6_lag_1": 21.61, "sensor_6_lag_2": 21.61, "sensor_7_lag_1": 553.49, "sensor_7_lag_2": 553.8, "sensor_8_lag_1": 2388.05, "sensor_8_lag_2": 2388.06, "sensor_9_lag_1": 9047.51, "sensor_9_lag_2": 9057.04, "sensor_10_lag_1": 1.3, "sensor_10_lag_2": 1.3, "sensor_11_lag_1": 47.25, "sensor_11_lag_2": 47.16, "sensor_12_lag_1": 521.79, "sensor_12_lag_2": 521.75, "sensor_13_lag_1": 2388.05, "sensor_13_lag_2": 2388.05, "sensor_14_lag_1": 8133.17, "sensor_14_lag_2": 8135.52, "sensor_15_lag_1": 8.4083, "sensor_15_lag_2": 8.4474, "sensor_16_lag_1": 0.03, "sensor_16_lag_2": 0.03, "sensor_17_lag_1": 393.0, "sensor_17_lag_2": 391.0, "sensor_18_lag_1": 2388.0, "sensor_18_lag_2": 2388.0, "sensor_19_lag_1": 100.0, "sensor_19_lag_2": 100.0, "sensor_20_lag_1": 39.0, "sensor_20_lag_2": 39.01, "sensor_21_lag_1": 23.4709, "sensor_21_lag_2": 23.2935}